{
  "logistic_regression": {
    "val_metrics": {
      "accuracy": 0.9656,
      "precision": 0.11590296495956873,
      "recall": 0.7288135593220338,
      "f1": 0.2,
      "roc_auc": 0.896475646995238,
      "pr_auc": 0.2166674927241129
    },
    "test_metrics": {
      "accuracy": 0.9638198442018359,
      "precision": 0.07532983401900979,
      "recall": 0.7426573426573426,
      "f1": 0.1367851622874807,
      "roc_auc": 0.876221658179626,
      "pr_auc": 0.1404092740740014
    },
    "val_f1": 0.2,
    "val_roc_auc": 0.896475646995238,
    "test_f1": 0.1367851622874807,
    "test_roc_auc": 0.876221658179626,
    "test_precision": 0.07532983401900979,
    "test_recall": 0.7426573426573426,
    "training_time": 11.344825267791748
  },
  "random_forest": {
    "val_metrics": {
      "accuracy": 0.9967,
      "precision": 0.8611111111111112,
      "recall": 0.5254237288135594,
      "f1": 0.6526315789473685,
      "roc_auc": 0.9546962672990985,
      "pr_auc": 0.7089840999616764
    },
    "test_metrics": {
      "accuracy": 0.9978532315792694,
      "precision": 0.8946932006633499,
      "recall": 0.503030303030303,
      "f1": 0.6439868695911668,
      "roc_auc": 0.9693381696492391,
      "pr_auc": 0.7130695247889699
    },
    "val_f1": 0.6526315789473685,
    "val_roc_auc": 0.9546962672990985,
    "test_f1": 0.6439868695911668,
    "test_roc_auc": 0.9693381696492391,
    "test_precision": 0.8946932006633499,
    "test_recall": 0.503030303030303,
    "training_time": 6.012694597244263
  },
  "xgboost": {
    "val_metrics": {
      "accuracy": 0.9973,
      "precision": 0.82,
      "recall": 0.6949152542372882,
      "f1": 0.7522935779816514,
      "roc_auc": 0.953987850350969,
      "pr_auc": 0.7553226468610476
    },
    "test_metrics": {
      "accuracy": 0.9972989946357782,
      "precision": 0.7771084337349398,
      "recall": 0.42097902097902096,
      "f1": 0.5461143029936498,
      "roc_auc": 0.9731886016919273,
      "pr_auc": 0.5671864042945793
    },
    "val_f1": 0.7522935779816514,
    "val_roc_auc": 0.953987850350969,
    "test_f1": 0.5461143029936498,
    "test_roc_auc": 0.9731886016919273,
    "test_precision": 0.7771084337349398,
    "test_recall": 0.42097902097902096,
    "training_time": 4.173190593719482
  },
  "lightgbm": {
    "val_metrics": {
      "accuracy": 0.9976,
      "precision": 0.8723404255319149,
      "recall": 0.6949152542372882,
      "f1": 0.7735849056603774,
      "roc_auc": 0.9671212697286874,
      "pr_auc": 0.7819826374766397
    },
    "test_metrics": {
      "accuracy": 0.9975365247544172,
      "precision": 0.842756183745583,
      "recall": 0.44475524475524475,
      "f1": 0.5822398535245652,
      "roc_auc": 0.9739227389539724,
      "pr_auc": 0.6476176081919724
    },
    "val_f1": 0.7735849056603774,
    "val_roc_auc": 0.9671212697286874,
    "test_f1": 0.5822398535245652,
    "test_roc_auc": 0.9739227389539724,
    "test_precision": 0.842756183745583,
    "test_recall": 0.44475524475524475,
    "training_time": 11.138560771942139
  }
}