{
  "logistic_regression": {
    "val_metrics": {
      "accuracy": 0.82027,
      "precision": 0.15539499548424798,
      "recall": 0.585,
      "f1": 0.2455610124669437,
      "roc_auc": 0.7765508294736843,
      "pr_auc": 0.4569817718260263
    },
    "test_metrics": {
      "accuracy": 0.82084,
      "precision": 0.15428265524625268,
      "recall": 0.5764,
      "f1": 0.24341216216216216,
      "roc_auc": 0.7687082610526316,
      "pr_auc": 0.44746174589342463
    },
    "val_f1": 0.2455610124669437,
    "val_roc_auc": 0.7765508294736843,
    "test_f1": 0.24341216216216216,
    "test_roc_auc": 0.7687082610526316,
    "test_precision": 0.15428265524625268,
    "test_recall": 0.5764,
    "training_time": 2.3456268310546875
  },
  "random_forest": {
    "val_metrics": {
      "accuracy": 0.85568,
      "precision": 0.18846611177170036,
      "recall": 0.5706,
      "f1": 0.28334492005164363,
      "roc_auc": 0.780723087368421,
      "pr_auc": 0.4790051221622878
    },
    "test_metrics": {
      "accuracy": 0.85872,
      "precision": 0.19216241737488196,
      "recall": 0.5698,
      "f1": 0.2874003833350146,
      "roc_auc": 0.7844112063157895,
      "pr_auc": 0.4743189139489525
    },
    "val_f1": 0.28334492005164363,
    "val_roc_auc": 0.780723087368421,
    "test_f1": 0.2874003833350146,
    "test_roc_auc": 0.7844112063157895,
    "test_precision": 0.19216241737488196,
    "test_recall": 0.5698,
    "training_time": 10.896060466766357
  },
  "xgboost": {
    "val_metrics": {
      "accuracy": 0.83174,
      "precision": 0.1674727252277584,
      "recall": 0.5956,
      "f1": 0.26143446580633833,
      "roc_auc": 0.7747683673684211,
      "pr_auc": 0.4708041873528506
    },
    "test_metrics": {
      "accuracy": 0.8345,
      "precision": 0.17003770997600273,
      "recall": 0.5952,
      "f1": 0.2645098213492134,
      "roc_auc": 0.7785175915789474,
      "pr_auc": 0.46446174565236625
    },
    "val_f1": 0.26143446580633833,
    "val_roc_auc": 0.7747683673684211,
    "test_f1": 0.2645098213492134,
    "test_roc_auc": 0.7785175915789474,
    "test_precision": 0.17003770997600273,
    "test_recall": 0.5952,
    "training_time": 2.7299857139587402
  },
  "lightgbm": {
    "val_metrics": {
      "accuracy": 0.78332,
      "precision": 0.14524093308360292,
      "recall": 0.6824,
      "f1": 0.23950582619682717,
      "roc_auc": 0.78398232,
      "pr_auc": 0.4743433576608113
    },
    "test_metrics": {
      "accuracy": 0.78682,
      "precision": 0.14786361674579196,
      "recall": 0.6852,
      "f1": 0.2432374866879659,
      "roc_auc": 0.7866784515789473,
      "pr_auc": 0.46908408386231765
    },
    "val_f1": 0.23950582619682717,
    "val_roc_auc": 0.78398232,
    "test_f1": 0.2432374866879659,
    "test_roc_auc": 0.7866784515789473,
    "test_precision": 0.14786361674579196,
    "test_recall": 0.6852,
    "training_time": 1.61672043800354
  },
  "xgboost_SMOTE": {
    "val_metrics": {
      "accuracy": 0.81125,
      "precision": 0.15623606362420098,
      "recall": 0.6306,
      "f1": 0.2504269091775545,
      "roc_auc": 0.7736805357894737,
      "pr_auc": 0.4729023570023749
    },
    "test_metrics": {
      "accuracy": 0.81506,
      "precision": 0.157269125266687,
      "recall": 0.6192,
      "f1": 0.2508304302033541,
      "roc_auc": 0.7703698831578947,
      "pr_auc": 0.46632516481004166
    },
    "val_f1": 0.2504269091775545,
    "val_roc_auc": 0.7736805357894737,
    "test_f1": 0.2508304302033541,
    "test_roc_auc": 0.7703698831578947,
    "test_precision": 0.157269125266687,
    "test_recall": 0.6192,
    "training_time": 3.9298627376556396
  },
  "lightgbm_SMOTE": {
    "val_metrics": {
      "accuracy": 0.79592,
      "precision": 0.15045372050816697,
      "recall": 0.6632,
      "f1": 0.2452662721893491,
      "roc_auc": 0.7810154936842104,
      "pr_auc": 0.4760959968826277
    },
    "test_metrics": {
      "accuracy": 0.79847,
      "precision": 0.1507398700041488,
      "recall": 0.654,
      "f1": 0.2450080545461357,
      "roc_auc": 0.7758566821052632,
      "pr_auc": 0.46762030243069996
    },
    "val_f1": 0.2452662721893491,
    "val_roc_auc": 0.7810154936842104,
    "test_f1": 0.2450080545461357,
    "test_roc_auc": 0.7758566821052632,
    "test_precision": 0.1507398700041488,
    "test_recall": 0.654,
    "training_time": 2.4536895751953125
  }
}