model,val_accuracy,val_precision,val_recall,val_f1,val_roc_auc,val_pr_auc,test_accuracy,test_precision,test_recall,test_f1,test_roc_auc,test_pr_auc,training_time
logistic_regression,0.9465556133958007,0.07833503923575572,0.7648234510326449,0.14211438474870017,0.9345601682053594,0.20611725452213597,0.9623442783133203,0.07150353639060004,0.7305361305361305,0.13025768911055693,0.9277235986575659,0.14458159146554114,37.11104869842529
random_forest,0.9972121001793047,0.7220319634703196,0.8427714856762158,0.7777436212726714,0.9947696633198819,0.8738734508759334,0.9984200648169309,0.8353626257278983,0.7356643356643356,0.782350024789291,0.9896662002842929,0.8248640870157482,20.26536512374878
xgboost,0.9983997532149537,0.8197879858657244,0.927381745502998,0.8702719599874961,0.9989815335843213,0.9554630504995401,0.996960694163777,0.6676470588235294,0.4233100233100233,0.5181169757489301,0.9760838842500914,0.5090005308217036,5.424203395843506
lightgbm,0.9939653344130179,0.4892110586648685,0.966688874083944,0.6496530109693307,0.9988615557028862,0.941765460877863,0.9956452811582832,0.4611032531824611,0.7599067599067599,0.573943661971831,0.9923653645866033,0.7164131749843209,3.9147374629974365
xgboost_SMOTE,0.9985192897217884,0.8745808182427901,0.8687541638907396,0.8716577540106952,0.9981149474226214,0.930403834805253,0.9847350909362466,0.17925101214574898,0.8256410256410256,0.2945530145530146,0.9811297218836229,0.7049701244287283,13.3442862033844
lightgbm_SMOTE,0.9979755914165076,0.7961165048543689,0.8740839440373085,0.8332804064782471,0.9980176860769024,0.8953837233908007,0.9294589531759756,0.049043469795064014,0.9393939393939394,0.09322014295297357,0.9797275316002713,0.6282691473806424,7.659239053726196
