model,val_accuracy,val_precision,val_recall,val_f1,val_roc_auc,val_pr_auc,test_accuracy,test_precision,test_recall,test_f1,test_roc_auc,test_pr_auc,training_time
logistic_regression,0.9656,0.11590296495956873,0.7288135593220338,0.2,0.896475646995238,0.2166674927241129,0.9638198442018359,0.07532983401900979,0.7426573426573426,0.1367851622874807,0.876221658179626,0.1404092740740014,11.344825267791748
random_forest,0.9967,0.8611111111111112,0.5254237288135594,0.6526315789473685,0.9546962672990985,0.7089840999616764,0.9978532315792694,0.8946932006633499,0.503030303030303,0.6439868695911668,0.9693381696492391,0.7130695247889699,6.012694597244263
xgboost,0.9973,0.82,0.6949152542372882,0.7522935779816514,0.953987850350969,0.7553226468610476,0.9972989946357782,0.7771084337349398,0.42097902097902096,0.5461143029936498,0.9731886016919273,0.5671864042945793,4.173190593719482
lightgbm,0.9976,0.8723404255319149,0.6949152542372882,0.7735849056603774,0.9671212697286874,0.7819826374766397,0.9975365247544172,0.842756183745583,0.44475524475524475,0.5822398535245652,0.9739227389539724,0.6476176081919724,11.138560771942139
