{
  "logistic_regression": {
    "val_metrics": {
      "accuracy": 0.9465556133958007,
      "precision": 0.07833503923575572,
      "recall": 0.7648234510326449,
      "f1": 0.14211438474870017,
      "roc_auc": 0.9345601682053594,
      "pr_auc": 0.20611725452213597
    },
    "test_metrics": {
      "accuracy": 0.9623442783133203,
      "precision": 0.07150353639060004,
      "recall": 0.7305361305361305,
      "f1": 0.13025768911055693,
      "roc_auc": 0.9277235986575659,
      "pr_auc": 0.14458159146554114
    },
    "val_f1": 0.14211438474870017,
    "val_roc_auc": 0.9345601682053594,
    "test_f1": 0.13025768911055693,
    "test_roc_auc": 0.9277235986575659,
    "test_precision": 0.07150353639060004,
    "test_recall": 0.7305361305361305,
    "training_time": 37.11104869842529
  },
  "random_forest": {
    "val_metrics": {
      "accuracy": 0.9972121001793047,
      "precision": 0.7220319634703196,
      "recall": 0.8427714856762158,
      "f1": 0.7777436212726714,
      "roc_auc": 0.9947696633198819,
      "pr_auc": 0.8738734508759334
    },
    "test_metrics": {
      "accuracy": 0.9984200648169309,
      "precision": 0.8353626257278983,
      "recall": 0.7356643356643356,
      "f1": 0.782350024789291,
      "roc_auc": 0.9896662002842929,
      "pr_auc": 0.8248640870157482
    },
    "val_f1": 0.7777436212726714,
    "val_roc_auc": 0.9947696633198819,
    "test_f1": 0.782350024789291,
    "test_roc_auc": 0.9896662002842929,
    "test_precision": 0.8353626257278983,
    "test_recall": 0.7356643356643356,
    "training_time": 20.26536512374878
  },
  "xgboost": {
    "val_metrics": {
      "accuracy": 0.9983997532149537,
      "precision": 0.8197879858657244,
      "recall": 0.927381745502998,
      "f1": 0.8702719599874961,
      "roc_auc": 0.9989815335843213,
      "pr_auc": 0.9554630504995401
    },
    "test_metrics": {
      "accuracy": 0.996960694163777,
      "precision": 0.6676470588235294,
      "recall": 0.4233100233100233,
      "f1": 0.5181169757489301,
      "roc_auc": 0.9760838842500914,
      "pr_auc": 0.5090005308217036
    },
    "val_f1": 0.8702719599874961,
    "val_roc_auc": 0.9989815335843213,
    "test_f1": 0.5181169757489301,
    "test_roc_auc": 0.9760838842500914,
    "test_precision": 0.6676470588235294,
    "test_recall": 0.4233100233100233,
    "training_time": 5.424203395843506
  },
  "lightgbm": {
    "val_metrics": {
      "accuracy": 0.9939653344130179,
      "precision": 0.4892110586648685,
      "recall": 0.966688874083944,
      "f1": 0.6496530109693307,
      "roc_auc": 0.9988615557028862,
      "pr_auc": 0.941765460877863
    },
    "test_metrics": {
      "accuracy": 0.9956452811582832,
      "precision": 0.4611032531824611,
      "recall": 0.7599067599067599,
      "f1": 0.573943661971831,
      "roc_auc": 0.9923653645866033,
      "pr_auc": 0.7164131749843209
    },
    "val_f1": 0.6496530109693307,
    "val_roc_auc": 0.9988615557028862,
    "test_f1": 0.573943661971831,
    "test_roc_auc": 0.9923653645866033,
    "test_precision": 0.4611032531824611,
    "test_recall": 0.7599067599067599,
    "training_time": 3.9147374629974365
  },
  "xgboost_SMOTE": {
    "val_metrics": {
      "accuracy": 0.9985192897217884,
      "precision": 0.8745808182427901,
      "recall": 0.8687541638907396,
      "f1": 0.8716577540106952,
      "roc_auc": 0.9981149474226214,
      "pr_auc": 0.930403834805253
    },
    "test_metrics": {
      "accuracy": 0.9847350909362466,
      "precision": 0.17925101214574898,
      "recall": 0.8256410256410256,
      "f1": 0.2945530145530146,
      "roc_auc": 0.9811297218836229,
      "pr_auc": 0.7049701244287283
    },
    "val_f1": 0.8716577540106952,
    "val_roc_auc": 0.9981149474226214,
    "test_f1": 0.2945530145530146,
    "test_roc_auc": 0.9811297218836229,
    "test_precision": 0.17925101214574898,
    "test_recall": 0.8256410256410256,
    "training_time": 13.3442862033844
  },
  "lightgbm_SMOTE": {
    "val_metrics": {
      "accuracy": 0.9979755914165076,
      "precision": 0.7961165048543689,
      "recall": 0.8740839440373085,
      "f1": 0.8332804064782471,
      "roc_auc": 0.9980176860769024,
      "pr_auc": 0.8953837233908007
    },
    "test_metrics": {
      "accuracy": 0.9294589531759756,
      "precision": 0.049043469795064014,
      "recall": 0.9393939393939394,
      "f1": 0.09322014295297357,
      "roc_auc": 0.9797275316002713,
      "pr_auc": 0.6282691473806424
    },
    "val_f1": 0.8332804064782471,
    "val_roc_auc": 0.9980176860769024,
    "test_f1": 0.09322014295297357,
    "test_roc_auc": 0.9797275316002713,
    "test_precision": 0.049043469795064014,
    "test_recall": 0.9393939393939394,
    "training_time": 7.659239053726196
  }
}